Type,Name,Request Count,Failure Count,Median Response Time,Average Response Time,Min Response Time,Max Response Time,Average Content Size,Requests/s,Failures/s,50%,66%,75%,80%,90%,95%,98%,99%,99.9%,99.99%,100%
POST,/api/v1/auth/login,387,0,62,223.69984637203478,1.3309590285643935,2425.4289170494303,133.53229974160206,6.517354347430098,0.0,62,180,280,380,770,970,1300,1500,2400,2400,2400
GET,/api/v1/miners/pool,167,0,57,300.1626015398205,1.7988750478252769,2753.863707999699,111.0,2.812398387650714,0.0,57,170,290,390,1100,1700,2000,2100,2800,2800,2800
GET,/api/v1/usage/daily,310,0,150.0,404.98138723722207,3.0654160073027015,2882.328583044,273.9741935483871,5.220619761507314,0.0,160,320,550,790,1200,1700,2300,2600,2900,2900,2900
GET,/api/v1/usage/daily?model=...,95,0,170.0,361.8836495400357,3.355999942868948,2753.175792051479,273.0421052631579,1.5998673462683703,0.0,170,370,480,500,810,1800,2200,2800,2800,2800,2800
GET,/health,82,0,92,229.60045478000055,1.1471249163150787,1394.5447920123115,33.0,1.3809381304632249,0.0,100,210,380,450,720,950,1200,1400,1400,1400,1400
POST,/v1/messages [multi-turn],193,0,3400.0,5118.240227535551,224.92166596930474,24296.74437502399,270.0,3.250256819261005,0.0,3400,5100,7100,8700,12000,14000,19000,22000,24000,24000,24000
POST,/v1/messages [short],490,0,3800.0,5215.6482028102555,221.2899160804227,27364.402499981225,271.0,8.251947364963174,0.0,3800,5600,7300,8600,13000,15000,18000,20000,27000,27000,27000
,Aggregated,1724,0,490.0,2238.3627565755896,1.1471249163150787,27364.402499981225,213.85788863109047,29.0333821575439,0.0,490,1500,2600,3700,7200,11000,15000,18000,24000,27000,27000
